Vmag,Plx,e_Plx,B-V,SpType,Amag,TargetClass
7.968,3.094862639,1.012046106,0.9994262014,G8/K0III+A/F,15.20585449,1
7.655,4.749851734,0.9769510133,1.019294078,K0III,16.3322263,0
8.08707314,2.723313345,1.082292443,1.200966303,K1III,14.97541512,1
2.823812958,16.14067008,0.7543589691,0.5387466255,A7III,16.35256883,0
8.499184279,3.936000557,1.747526107,0.9640262152,K0III,16.3815421,1
7.79944689,6.689898891,1.128250145,0.9354923859,K2III,17.8664467,0